{
    "train_loss": [
        0.7427602005004883,
        0.5691498792171479,
        0.4675512820482254,
        0.39959998190402984,
        0.3288497915863991,
        0.27194949209690095,
        0.27370963171124457,
        0.24181236401200296,
        0.29551266685128214,
        0.24482094451785089,
        0.22512466013431548,
        0.24552250504493714,
        0.23769882842898368,
        0.23135289818048477,
        0.22890043899416923,
        0.22894293829798698,
        0.21912903241813184,
        0.17583801612257957,
        0.19986388087272644,
        0.21424371525645255,
        0.20418261095881463,
        0.19366582691669465,
        0.25024960927665235
    ],
    "train_acc": [
        0.45625,
        0.67,
        0.84125,
        0.9,
        0.91125,
        0.925,
        0.92375,
        0.945,
        0.9025,
        0.93375,
        0.9225,
        0.91625,
        0.9175,
        0.93,
        0.92,
        0.9275,
        0.9325,
        0.96125,
        0.94625,
        0.925,
        0.93875,
        0.9375,
        0.90875
    ],
    "val_loss": [
        0.6333972191810608,
        0.5306674420833588,
        0.4438976633548737,
        0.3869881463050842,
        0.37494206070899966,
        0.32897980451583864,
        0.3359756815433502,
        0.33473794639110566,
        0.31763294100761413,
        0.3206625109910965,
        0.32413105070590975,
        0.3608468294143677,
        0.31560088336467745,
        0.3347099381685257,
        0.34723210245370867,
        0.33604931384325026,
        0.35213150203227994,
        0.34810930728912354,
        0.3536049288511276,
        0.3219923567771912,
        0.3345301431417465,
        0.32513160049915313,
        0.31516277432441714
    ],
    "val_acc": [
        0.475,
        0.855,
        0.895,
        0.87,
        0.86,
        0.875,
        0.865,
        0.86,
        0.875,
        0.87,
        0.855,
        0.845,
        0.875,
        0.85,
        0.85,
        0.86,
        0.85,
        0.855,
        0.845,
        0.87,
        0.865,
        0.88,
        0.855
    ]
}