{
    "train_loss": [
        0.628295967578888,
        0.48976457297801973,
        0.3699754086136818,
        0.3095975980162621,
        0.29083979934453963,
        0.28100544825196266,
        0.25940958589315416,
        0.25542038440704345,
        0.23882965460419656,
        0.2325301054120064,
        0.23853525802493095,
        0.2154612974077463,
        0.20741081535816192,
        0.1770739059150219,
        0.19661526545882224,
        0.2076601655036211,
        0.15700835838913918,
        0.13622315935790538,
        0.15769630879163743,
        0.13894294947385788,
        0.14161695539951324,
        0.15054058611392976,
        0.1308664654940367,
        0.13497671622782945,
        0.12462818942964077,
        0.1031516995280981,
        0.11080233737826348,
        0.11425353191792965,
        0.09524586614221335
    ],
    "train_acc": [
        0.62875,
        0.82,
        0.88875,
        0.91,
        0.91625,
        0.9075,
        0.91125,
        0.91125,
        0.92875,
        0.91875,
        0.9175,
        0.935,
        0.92625,
        0.95,
        0.9275,
        0.93625,
        0.95375,
        0.96625,
        0.955,
        0.965,
        0.96375,
        0.95375,
        0.9675,
        0.9625,
        0.9725,
        0.97125,
        0.9675,
        0.9725,
        0.98125
    ],
    "val_loss": [
        0.5613439130783081,
        0.4271237123012543,
        0.37518728375434873,
        0.3520067620277405,
        0.3030703663825989,
        0.35224740862846377,
        0.311665900349617,
        0.31384740114212034,
        0.29020151138305667,
        0.30279571175575254,
        0.316550233066082,
        0.33654865086078645,
        0.33054205238819123,
        0.3442494797706604,
        0.3546425768733025,
        0.34198872566223143,
        0.35934848308563233,
        0.3705556282401085,
        0.3640386167168617,
        0.3651299986243248,
        0.4015676146745682,
        0.3916670587658882,
        0.3502381518483162,
        0.44369978830218315,
        0.4072894339263439,
        0.3935792228579521,
        0.4009402060508728,
        0.3867882314324379,
        0.4328458847105503
    ],
    "val_acc": [
        0.775,
        0.86,
        0.865,
        0.87,
        0.855,
        0.84,
        0.865,
        0.875,
        0.88,
        0.87,
        0.865,
        0.86,
        0.865,
        0.855,
        0.86,
        0.85,
        0.86,
        0.875,
        0.875,
        0.875,
        0.86,
        0.86,
        0.865,
        0.87,
        0.865,
        0.87,
        0.875,
        0.87,
        0.865
    ]
}